date,meantemp,humidity,windspeed,meanpressure
2013-01-01,10,84.5,0,1015.666687
2013-01-02,7.400000095,92,2.980000019,1017.799988
2013-01-03,7.166666508,87,4.633333206,1018.666687
2013-01-04,8.666666985,71.33333588,1.233333349,1017.166687
2013-01-05,6,86.83333588,3.700000048,1016.5
2013-01-06,7,82.80000305,1.480000019,1018
2013-01-07,7,78.59999847,6.300000191,1020
2013-01-08,8.857142448,63.7142868,7.142857075,1018.714294
2013-01-09,14,51.25,12.5,1017
2013-01-10,11,62,7.400000095,1015.666687
2013-01-11,15.71428585,51.2857132,10.5714283,1016.142883
2013-01-12,14,74,13.22857189,1015.571411
2013-01-13,15.83333302,75.16666412,4.633333206,1013.333313
2013-01-14,12.83333302,88.16666412,0.616666675,1015.166687
2013-01-15,14.71428585,71.85713959,0.528571427,1015.857117
2013-01-16,13.83333302,86.66666412,0,1016.666687
2013-01-17,16.5,80.83333588,5.25,1015.833313
2013-01-18,13.83333302,92.16666412,8.949999809,1014.5
2013-01-19,12.5,76.66666412,5.883333206,1021.666687
2013-01-20,11.28571415,75.2857132,8.471428871,1020.285706
2013-01-21,11.19999981,77,2.220000029,1021
2013-01-22,9.5,79.66666412,3.083333254,1021.799988
2013-01-23,14,60.16666794,4.016666889,1020.5
2013-01-24,13.83333302,60.66666794,6.166666508,1020.5
2013-01-25,12.25,67,5.550000191,1020.75
2013-01-26,12.66666698,64.16666412,6.800000191,1019.666687
2013-01-27,12.85714245,65.57142639,5.557142735,1018.142883
2013-01-28,14.83333302,56,3.700000048,1017.833313
2013-01-29,14.125,65.5,3.237499952,1016.625
2013-01-30,14.71428585,70.42857361,1.057142854,1017.857117
2013-01-31,16.20000076,65.59999847,2.960000038,1018.400024
2013-02-01,16,73,2.220000029,1016
2013-02-02,16.2857151,77.57142639,1.328571439,1017.142883
2013-02-03,18,65.57142639,1.857142806,1015.285706
2013-02-04,17.4285717,74.2857132,11.11428547,1014.571411
2013-02-05,16.625,92.375,9.725000381,1016.375
2013-02-06,16.66666603,71.33333588,8.633333206,1018.666687
2013-02-07,15.60000038,59.40000153,10.73999977,1018.599976
2013-02-08,14,70.42857361,9.257143021,1017.142883
2013-02-09,15.4285717,61.2857132,9.257143021,1016.857117
2013-02-10,15.25,71.5,3.474999905,1017.125
2013-02-11,15.875,70.5,5.324999809,1016.5
2013-02-12,15.33333302,70.33333588,7.416666508,1017.5
2013-02-13,16.2857151,70.14286041,6.08571434,1016
2013-02-14,17.33333397,63.83333206,4.333333492,1014.166687
2013-02-15,19.16666603,65.33333588,10.1833334,1011.666687
2013-02-16,14.4285717,92.7142868,8.485713959,1008
2013-02-17,13.66666698,90,0,1012.666687
2013-02-18,15.60000038,78.40000153,12.22000027,1016.200012
2013-02-19,15.85714245,82,5.814285755,1015.714294
2013-02-20,17.7142849,74.7142868,5.814285755,1017
2013-02-21,20,67.2857132,6.614285946,1015.428589
2013-02-22,20.5,65.625,10.875,1016
2013-02-23,17.4285717,74.85713959,9.257143021,1017
2013-02-24,16.8571434,78.85713959,7.400000095,1018.857117
2013-02-25,16.875,72.875,4.637499809,1018.25
2013-02-26,17.8571434,70,17.58749962,1015.142883
2013-02-27,20.79999924,57.20000076,6.659999847,1015.200012
2013-02-28,19.4285717,52.8571434,12.95714283,1017.428589
2013-03-01,17.33333397,49.33333206,24.06666756,1016.333313
2013-03-02,19,54,15.72500038,1016.25
2013-03-03,19.33333397,62.83333206,8.633333206,1016.166687
2013-03-04,17.60000038,71,5.559999943,1015.799988
2013-03-05,20.875,61.875,4.162499905,1016.375
2013-03-06,20.8571434,65.2857132,6.87142849,1015.714294
2013-03-07,23.4285717,57.1428566,8.728571892,1015.285706
2013-03-08,24.16666603,44.83333206,7.099999905,1014.833313
2013-03-09,25.4285717,49.7142868,5.285714149,1009.285706
2013-03-10,23.1428566,57.57143021,4.228571415,1008
2013-03-11,24,66.33333588,0.933333337,1011.166687
2013-03-12,23.5,62.5,4.933333397,1011.5
2013-03-13,21.5,70.5,5.550000191,1009
2013-03-14,22.33333397,61.16666794,12.03333378,1013.166687
2013-03-15,24.16666603,45.83333206,7.716666698,1016.166687
2013-03-16,20.33333397,67.66666412,3.700000048,1016.166687
2013-03-17,22.66666603,58.66666794,8.949999809,1015
2013-03-18,23.4285717,58.1428566,17.45714378,1009.428589
2013-03-19,22.5,73.66666412,10.48333359,1011
2013-03-20,29.16666603,36.33333206,6.800000191,1009.5
2013-03-21,23.83333397,58.5,10.5,1008.333313
2013-03-22,25.25,50.25,9.712499619,1006.375
2013-03-23,27.375,50.125,9.949999809,1007.625
2013-03-24,27,48.75,10.88749981,1010.25
2013-03-25,23.5,45.5,15.96249962,1010.625
2013-03-26,24.1428566,44.57143021,12.95714283,1008.857117
2013-03-27,21,62,1.850000024,1009
2013-03-28,22.4285717,62.7142868,7.41428566,1009.571411
2013-03-29,21.25,70.375,5.550000191,1009.75
2013-03-30,23.5,54.75,11.11250019,1008.625
2013-03-31,23.20000076,58,6.659999847,1008.599976
2013-04-01,25.375,45.5,4.400000095,1008.5
2013-04-02,25.16666603,51,8.649999619,1009.5
2013-04-03,26.20000076,45.59999847,8.140000343,1009
2013-04-04,24.60000038,41.79999924,11.11999989,1007.799988
2013-04-05,25.60000038,31,15.56000042,1007
2013-04-06,25.8571434,29.8571434,11.89999962,1006.142883
2013-04-07,29.1428566,23.2857151,10.31428528,1005
2013-04-08,28.7142849,33.8571434,5.300000191,1006
2013-04-09,30.16666603,30.5,8.649999619,1005.333313
2013-04-10,30,28,6.099999905,1006.714294
2013-04-11,30,24.20000076,7.78000021,1006.400024
2013-04-12,28.8571434,32.57143021,6.342857361,1007.571411
2013-04-13,30.20000076,29.20000076,10,1008.400024
2013-04-14,28.25,39.375,6.487500191,1007
2013-04-15,28.25,41.375,6.25,1003.875
2013-04-16,32.125,24.625,10.42500019,1000
2013-04-17,29.20000076,24.20000076,6.659999847,1002.200012
2013-04-18,30.2857151,30.2857151,4.757143021,1002.857117
2013-04-19,28.2857151,31.2857151,3.971428633,1002.571411
2013-04-20,30.625,29,7.637499809,1003.375
2013-04-21,27.66666603,38.66666794,13.88333321,1006.833313
2013-04-22,27.375,45.375,7.650000095,1010
2013-04-23,28.625,44.125,4.625,1009.875
2013-04-24,30.2857151,41.7142868,2.114285707,1008.571411
2013-04-25,31.1428566,38.2857132,3.700000048,1007.714294
2013-04-26,29.875,45.875,6.712500095,1008.375
2013-04-27,31.1428566,31.4285717,13.48571396,1007
2013-04-28,30.5714283,28,12.97142887,1005.428589
2013-04-29,32.125,26.375,7.875,1004.875
2013-04-30,31.1428566,32,7.928571224,1004.857117
2013-05-01,31.8571434,15.85714245,12.68571472,1002.833313
2013-05-02,29.83333397,22.16666603,11.4333334,1001.200012
2013-05-03,28.5714283,31.5714283,9,999.4285889
2013-05-04,32.8571434,31.4285717,2.91428566,999
2013-05-05,32.625,31.125,3.012500048,1000.625
2013-05-06,32.75,39.25,3.700000048,1001.625
2013-05-07,32.875,33.25,7.175000191,1002
2013-05-08,34.5,23,9.25,1001.166687
2013-05-09,34.2857132,26,8.985713959,1000.857117
2013-05-10,34,27.7142849,9.528571129,1000.142883
2013-05-11,30.75,30.375,14.8125,999.875
2013-05-12,29.8571434,40.1428566,5.82857132,1003.714294
2013-05-13,31.7142849,34,3.971428633,1003.571411
2013-05-14,32.2857132,34.2857132,4.771428585,1001.571411
2013-05-15,33,33,3.237499952,999.8571167
2013-05-16,33,34.75,7.175000191,998.5
2013-05-17,32.83333206,28.16666603,9.866666794,1000.333313
2013-05-18,31.39999962,42.20000076,12.96666622,999
2013-05-19,35.33333206,22.33333397,15.75,999.666687
2013-05-20,36.40000153,24.20000076,7.400000095,998.4000244
2013-05-21,36,19,11.37142849,998.666687
2013-05-22,36.75,22.125,17.58749962,998.625
2013-05-23,37.5,23.33333397,13.5666666,997.166687
2013-05-24,38.42856979,27.4285717,11.38571453,996.4285889
2013-05-25,38.7142868,22.4285717,10.31428528,998.1428833
2013-05-26,37.79999924,21.20000076,10.73999977,998.2000122
2013-05-27,35.8571434,31.5714283,8.728571892,999.1428833
2013-05-28,35.33333206,29,8.333333015,1000.166687
2013-05-29,34.1428566,27.8571434,5.557142735,999.4285889
2013-05-30,32.20000076,28.20000076,5.559999943,999.5999756
2013-05-31,33.625,40.125,10.63749981,998.7142944
2013-06-01,32,54,13.4375,998.75
2013-06-02,32.40000153,56.59999847,14.19999981,1001
2013-06-03,35.59999847,47,12.23999977,999.5999756
2013-06-04,35.8571434,42.57143021,5.028571606,999.8571167
2013-06-05,37.16666794,36.5,9.866666794,998
2013-06-06,31.2857151,61.7142868,10.04285717,997.2857056
2013-06-07,34,49.25,7.412499905,998
2013-06-08,34.20000076,57.40000153,13.34000015,997
2013-06-09,36.16666794,40,11.41666698,995.166687
2013-06-10,36.625,42.75,8.100000381,995.125
2013-06-11,30.16666603,61.66666794,16.35000038,1000
2013-06-12,34.1428566,54.1428566,7.41428566,998
2013-06-13,29.83333397,68.66666412,9.866666794,998.666687
2013-06-14,30.1428566,68.14286041,7.942857265,997.4285889
2013-06-15,30.7142849,65,13.22857189,997.8571167
2013-06-16,27,88.85713959,8.485713959,996.4285889
2013-06-17,26.875,87.375,8.337499619,994.75
2013-06-18,28.39999962,83.59999847,5.179999828,996.4000244
2013-06-19,29.8571434,72.85713959,4.228571415,999
2013-06-20,33,52.7142868,4.771428585,997.166687
2013-06-21,34.83333206,47.33333206,5.866666794,995.333313
2013-06-22,35.59999847,39.40000153,10.73999977,996.2000122
2013-06-23,35.16666794,53,8.350000381,995.666687
2013-06-24,33.1428566,55,13.22857189,996.2857056
2013-06-25,30.5714283,70.42857361,11.11428547,999.166687
2013-06-26,30.66666603,71.5,6.483333111,999
2013-06-27,31.4285717,61.8571434,7.95714283,996.7142944
2013-06-28,31.5,64.25,8.8125,996
2013-06-29,33.25,57,13.875,995.25
2013-06-30,32.83333206,52.16666794,10.5,997.166687
2013-07-01,33.8571434,54,8.728571892,996.4285889
2013-07-02,33.1428566,58.2857132,9.800000191,996
2013-07-03,31.5714283,70,6.357142925,997.5714111
2013-07-04,32.375,67.5,9.25,997
2013-07-05,32.79999924,62.20000076,12.96000004,997.7999878
2013-07-06,31,73.14286041,11.37142849,1000.571411
2013-07-07,31.16666603,77.33333588,7.099999905,1000.166687
2013-07-08,29.83333397,75.16666412,6.483333111,997.5
2013-07-09,29,78.83333588,8.016666412,996.833313
2013-07-10,29.75,75.375,6.487500191,995.75
2013-07-11,32.5,65.5,7.116666794,997.333313
2013-07-12,28.875,86.625,5.5625,1000
2013-07-13,31.75,70.25,12.0625,998.875
2013-07-14,30.75,71.625,4.8125,997.375
2013-07-15,31.75,73.25,13.53750038,998.375
2013-07-16,29.875,83.875,9,999
2013-07-17,31.125,78.375,8.649999619,998
2013-07-18,31.75,76,5.550000191,995
2013-07-19,30.5,73.5,9.266666412,995.333313
2013-07-20,26.83333397,90.66666412,4.933333397,999.166687
2013-07-21,28.20000076,88,2.24000001,996.4000244
2013-07-22,29.5,80.33333588,4.333333492,996.833313
2013-07-23,31.8571434,70.7142868,3.971428633,998
2013-07-24,29.7142849,84.14286041,3.971428633,997.1428833
2013-07-25,28.33333397,84.5,8.016666412,995.166687
2013-07-26,30,73.85713959,5.571428776,995.4285889
2013-07-27,30.1428566,79,4.228571415,997.2857056
2013-07-28,32.2857132,67.42857361,6.08571434,998.1428833
2013-07-29,31,77.42857361,4.771428585,997.1428833
2013-07-30,30.5,75.66666412,8.016666412,996.5
2013-07-31,28.83333397,78.5,9.866666794,996.666687
2013-08-01,30,73.5,5.550000191,998
2013-08-02,31.5714283,66.42857361,11.11428547,999.4285889
2013-08-03,32.5,62.33333206,10.8166666,1000.833313
2013-08-04,32.5,62.5,5.099999905,993.25
2013-08-05,29.5,77,6.783333302,1001
2013-08-06,27.16666603,90.66666412,4.016666889,1002.166687
2013-08-07,28.375,85.25,3.25,1001.875
2013-08-08,28.5,84,6.166666508,1000.5
2013-08-09,27.16666603,87.5,3.716666698,1001
2013-08-10,29.4285717,79.85713959,6.099999905,1000.333313
2013-08-11,30,76.83333588,6.800000191,1001.166687
2013-08-12,29.5,81.5,8.350000381,1001
2013-08-13,30.75,72,11.125,999.25
2013-08-14,29.66666603,74.33333588,9.866666794,999.833313
2013-08-15,27.7142849,85,8.199999809,1001.714294
2013-08-16,26.60000038,92,4.460000038,1000.799988
2013-08-17,27.4285717,91,14.28571415,999.4285889
2013-08-18,28.33333397,83.83333588,1.233333349,1000.166687
2013-08-19,28.16666603,84.66666412,5.550000191,1000.5
2013-08-20,27.375,88.5,5.324999809,999
2013-08-21,28.33333397,81.16666412,10.31428528,999.2857056
2013-08-22,29.16666603,74.83333588,6.483333111,1001.166687
2013-08-23,31.2857151,73.14286041,2.642857075,1001.428589
2013-08-24,32,71.25,18.52499962,1000.333313
2013-08-25,29,90.75,0.925000012,998.75
2013-08-26,32,69.875,6.474999905,997.8571167
2013-08-27,32.1428566,57.2857132,17.0714283,999.8571167
2013-08-28,30.1428566,60.7142868,11.64285755,1003.714294
2013-08-29,31.5,57,9.274999619,1003.25
2013-08-30,29.16666603,73,3.099999905,1003.5
2013-08-31,29,71.75,4.650000095,1003.25
2013-09-01,30,65.19999695,11.47999954,1003.200012
2013-09-02,31.8571434,50.8571434,15.34285736,1003.714294
2013-09-03,32.75,45.5,14.80000019,1001.5
2013-09-04,31.7142849,48,14.54285717,1002.166687
2013-09-05,31.66666603,46,13.5666666,1001.5
2013-09-06,30.5714283,55.7142868,10.04285717,1003.428589
2013-09-07,30.83333397,51.83333206,6.783333302,1004.166687
2013-09-08,28,71.75,2.325000048,1007.25
2013-09-09,31,57.5,42.22000122,1007
2013-09-10,29.66666603,66.33333588,3.700000048,1005.333313
2013-09-11,30.8571434,61.1428566,3.971428633,1005.571411
2013-09-12,31.16666603,60.33333206,2.783333302,1008.166687
2013-09-13,31.1428566,67.14286041,3.17142868,1007.142883
2013-09-14,30.5,67,2.783333302,1003.833313
2013-09-15,31.625,56.375,3.9375,1001.375
2013-09-16,29.66666603,60,7.099999905,1002.333313
2013-09-17,29.25,56.5,3.474999905,1002.875
2013-09-18,29.1428566,58.57143021,5.557142735,1003.142883
2013-09-19,29.79999924,61.59999847,2.960000038,1001.799988
2013-09-20,28.66666603,70,9.583333015,1003
2013-09-21,25.20000076,89,5.179999828,1003
2013-09-22,28.33333397,79.66666412,3.083333254,1001.666687
2013-09-23,30.2857151,68,4.5,1001
2013-09-24,30.75,65.75,5.787499905,1002.75
2013-09-25,28.5714283,75,6.614285946,1005.428589
2013-09-26,28.20000076,78.80000305,4.079999924,1006.599976
2013-09-27,29,71.25,7.412499905,1005.625
2013-09-28,30,67.33333588,1.233333349,1005.333313
2013-09-29,28.1428566,79.85713959,5.557142735,1003.857117
2013-09-30,26.8571434,84.57142639,4.228571415,1004.714294
2013-10-01,28.2857151,68.7142868,6.37142849,1007.714294
2013-10-02,29.20000076,61.40000153,7.420000076,1010
2013-10-03,28.60000038,59,7.400000095,1008.599976
2013-10-04,24.83333397,84.33333588,6.783333302,1007.5
2013-10-05,28.5,69,2.087500095,1004.125
2013-10-06,29.75,66.5,1.850000024,1005.25
2013-10-07,29.7142849,66.57142639,1.58571434,1008.857117
2013-10-08,29.20000076,69.40000153,0,1009.799988
2013-10-09,30.83333397,65.5,5.566666603,1010.333313
2013-10-10,29.4285717,66.2857132,3.971428633,1010.857117
2013-10-11,23.8571434,89.85713959,4.242856979,1010.571411
2013-10-12,26.1428566,82.57142639,2.91428566,1008.285706
2013-10-13,27.16666603,84.33333588,0.616666675,1007.666687
2013-10-14,27.7142849,74.85713959,5.557142735,1007
2013-10-15,25.8571434,76.42857361,3.700000048,1009.142883
2013-10-16,26.4285717,75,0,1009
2013-10-17,26.8571434,76.7142868,1.057142854,1010.428589
2013-10-18,26.33333397,73.16666412,0,1010.5
2013-10-19,24.5714283,69.57142639,2.114285707,1011.571411
2013-10-20,24.33333397,67.83333588,1.549999952,1010.666687
2013-10-21,24.875,63.625,1.387500048,1009.875
2013-10-22,27.79999924,53.59999847,0,1011
2013-10-23,25,67.5,1.162500024,1013.625
2013-10-24,23.8571434,73.14286041,1.057142854,1013.285706
2013-10-25,22.79999924,75.80000305,1.860000014,1011
2013-10-26,23,78.19999695,0.74000001,1011.200012
2013-10-27,22.875,66.875,2.549999952,1010.625
2013-10-28,22.66666603,63.16666794,4.933333397,1010
2013-10-29,23,62.7142868,3.971428633,1011.142883
2013-10-30,22.8571434,67.42857361,2.385714293,1012.857117
2013-10-31,23.66666603,58.83333206,3.083333254,1012.833313
2013-11-01,23.4285717,69.14286041,1.057142854,1013.285706
2013-11-02,21.625,65,4.637499809,1014.5
2013-11-03,20.625,57.875,5.5625,1016
2013-11-04,21.16666603,54.16666794,2.466666698,1017.5
2013-11-05,18.83333397,74.33333588,0,1017.5
2013-11-06,20.5714283,66.7142868,3.185714245,1015.857117
2013-11-07,20.1428566,73.14286041,4.5,1015.666687
2013-11-08,18,82.19999695,19.91250038,1015.625
2013-11-09,19.8571434,73.57142639,0.528571427,1016.714294
2013-11-10,16.83333397,72,2.466666698,1016
2013-11-11,18.8571434,61.8571434,5.814285755,1013.428589
2013-11-12,16.5714283,71.7142868,0.800000012,1013.857117
2013-11-13,17.75,65,3.012500048,1014.25
2013-11-14,17.625,63.375,3.474999905,1015.25
2013-11-15,17,67,0.925000012,1016.5
2013-11-16,16.625,69.625,0,1018
2013-11-17,15.5714283,67.42857361,2.385714293,1017.714294
2013-11-18,18.5,55.125,7.412499905,1016.875
2013-11-19,17.875,63.5,7.175000191,1015.5
2013-11-20,18.25,58.875,2.549999952,1012.75
2013-11-21,17.875,66.25,2.087500095,1013.125
2013-11-22,17.625,74.875,1.162500024,1015.75
2013-11-23,18.1428566,77.85713959,0.800000012,1014.571411
2013-11-24,19.125,58.875,5.087500095,1014.5
2013-11-25,21.25,49.875,9.5,1012.875
2013-11-26,21.25,51.375,9.75,1011.75
2013-11-27,19.125,68.5,2.787499905,1014.75
2013-11-28,18.625,71.875,1.850000024,1017.75
2013-11-29,17.75,66.625,4.862500191,1016.875
2013-11-30,17.875,69.625,11.8125,1015.875
2013-12-01,18,65,1.58571434,1016.142883
2013-12-02,17.25,73.25,1.850000024,1015.875
2013-12-03,17.5,73.5,1.387500048,1016.75
2013-12-04,17.1428566,71.85713959,4.228571415,1017
2013-12-05,17.1428566,69,6.885714054,1015.285706
2013-12-06,16.125,72.375,3.712500095,1014
2013-12-07,16,80.5,1.162500024,1014.25
2013-12-08,16.5,83.625,0,1014
2013-12-09,16.125,79.25,2.3125,1013.5
2013-12-10,15.5,81.75,2.549999952,1013.75
2013-12-11,16.625,71.875,6.474999905,1014.125
2013-12-12,17.75,62.375,16.89999962,1012.5
2013-12-13,17.1428566,67.7142868,11.62857151,1012
2013-12-14,16.1428566,79,0.800000012,1012.571411
2013-12-15,15.5,86.25,2.549999952,1015.125
2013-12-16,15.25,89.5,1.162500024,1015.625
2013-12-17,14.75,92.875,0.925000012,1014.25
2013-12-18,14.875,93,2.087500095,1012.625
2013-12-19,16.125,89.125,3.25,1012.875
2013-12-20,15.375,91.375,4.412499905,1016
2013-12-21,14.75,94,0.462500006,1017
2013-12-22,15.25,94,1.387500048,1018.375
2013-12-23,14.25,88.25,9.024999619,1020.5
2013-12-24,13.5,84.75,5.787499905,1021.375
2013-12-25,13.66666698,63.16666794,34.48749924,1020.625
2013-12-26,12.125,67.625,4.400000095,1019.25
2013-12-27,11.875,79.875,1.162500024,1018.625
2013-12-28,10.875,70,5.324999809,1019.25
2013-12-29,10.5714283,69.42857361,5.324999809,1018.5
2013-12-30,12.375,79.5,6.474999905,1018.125
2013-12-31,14.5,89.375,4.862500191,1020.5
2014-01-01,13.375,89.625,7.650000095,1021
2014-01-02,11,78.375,8.100000381,1020.25
2014-01-03,12.5,74.875,5.324999809,1017.75
2014-01-04,12.875,88.125,1.162500024,1016.25
2014-01-05,12.375,89,0.462500006,1014.5
2014-01-06,11.4285717,86.2857132,27.33749962,1017.625
2014-01-07,12.14285755,72.2857132,20.60000038,1017.75
2014-01-08,11.875,76.875,1.850000024,1017.875
2014-01-09,12.83333302,83,1.233333349,1017
2014-01-10,12.375,85.375,0,1016.625
2014-01-11,12.125,82.625,6.724999905,1019.625
2014-01-12,12.875,80.875,3.25,1020.75
2014-01-13,14,72.375,1.162500024,1019.375
2014-01-14,14.875,76.75,2.787499905,1017
2014-01-15,12,93.5,0.462500006,1019.75
2014-01-16,12.28571415,90.57142639,1.58571434,1019.571411
2014-01-17,12,95.75,1.162500024,1017.625
2014-01-18,12.5,94.25,1.850000024,1020.25
2014-01-19,14.5,84.5,3.474999905,1023
2014-01-20,14.625,83.5,4.412499905,1021.375
2014-01-21,13.5714283,96.85713959,7.17142868,1020.571411
2014-01-22,15.25,96.125,6.712500095,1019.875
2014-01-23,15.625,90.125,6.712500095,1020.25
2014-01-24,13.875,88.875,8.112500191,1019.25
2014-01-25,11.75,95.625,8.337499619,1019.75
2014-01-26,14.375,85.75,8.8125,1019.125
2014-01-27,16.625,72.375,9.949999809,1018.75
2014-01-28,16.625,69.875,7.412499905,1016.75
2014-01-29,14.875,81.875,4.625,1018.625
2014-01-30,14.5,83.25,0.925000012,1019.375
2014-01-31,14.75,82.5,3.012500048,1019.25
2014-02-01,14,79.375,2.549999952,1019.75
2014-02-02,15.25,76.125,1.850000024,1016.875
2014-02-03,18.4285717,63.8571434,12.28750038,1014.125
2014-02-04,18.8571434,65.42857361,13.42500019,1011
2014-02-05,17,72.75,1.625,1011.5
2014-02-06,18.5,65.375,6.012499809,1010.875
2014-02-07,19.625,67.25,15.05000019,1009.25
2014-02-08,13.625,85.375,8.112500191,1011.375
2014-02-09,12.875,63.375,9.262499809,1012
2014-02-10,12.625,61.75,3.700000048,1012.5
2014-02-11,13.375,64.625,3.700000048,1013.5
2014-02-12,13.25,67,9.262499809,1013.5
2014-02-13,15.25,64.5,4.875,1013.625
2014-02-14,13,95.5,5.337500095,1011.875
2014-02-15,12.375,89.5,3.9375,1012.875
2014-02-16,13.5,79,8.787500381,1016
2014-02-17,15.125,66.125,12.72500038,1017.75
2014-02-18,15.25,60.125,8.800000191,1017.375
2014-02-19,15.125,75.375,1.850000024,1016.625
2014-02-20,16.125,78.625,1.862499952,1014.75
2014-02-21,17.125,72.25,8.787500381,1014.25
2014-02-22,16.625,85.625,6.25,1017.375
2014-02-23,16.5,80,7.887499809,1019.375
2014-02-24,16.375,69.375,5.337500095,1018.625
2014-02-25,18.125,69,0.925000012,1017.25
2014-02-26,18.75,71.125,2.087500095,1014.25
2014-02-27,18.625,76.625,7.175000191,1013.125
2014-02-28,15.625,88.375,5.800000191,1013.125
2014-03-01,16.1428566,87.2857132,4.242856979,1015.285706
2014-03-02,16.125,79,5.787499905,1017.125
2014-03-03,17.875,65.625,3.700000048,1016.25
2014-03-04,18.75,66.375,3.712500095,1016.5
2014-03-05,18.875,67,5.324999809,1016.125
2014-03-06,18.375,64,4.637499809,1016.375
2014-03-07,18.5,62.875,6.712500095,1017.125
2014-03-08,19.875,63.875,9.962499619,1017
2014-03-09,22,56.625,7.650000095,1014.5
2014-03-10,20,63.875,10.88749981,1014.375
2014-03-11,20.7142849,70,15.60000038,1013.714294
2014-03-12,20,68.875,6.487500191,1016.25
2014-03-13,19,60.625,9.949999809,1016.25
2014-03-14,19.625,61.25,5.800000191,1015
2014-03-15,21.625,62.625,2.787499905,1016.375
2014-03-16,23.125,58.5,6.25,1015.375
2014-03-17,26.25,52.125,6.712500095,1011.25
2014-03-18,24.8571434,53.42856979,9.800000191,1012.857117
2014-03-19,21.75,57.375,10.1875,1013.25
2014-03-20,21.5,55,7.400000095,1010.75
2014-03-21,22.5,64.75,5.337500095,1007.125
2014-03-22,25,59.5,3.012500048,1007
2014-03-23,22.75,61.875,9.024999619,1010.625
2014-03-24,22.375,73.125,9.487500191,1011.625
2014-03-25,24.625,60.25,2.775000095,1010.5
2014-03-26,25.125,58.875,2.775000095,1010.625
2014-03-27,23.5,63.25,4.887499809,1011.75
2014-03-28,24.4285717,67.57142639,4.5,1011.142883
2014-03-29,25.875,55.625,8.350000381,1011.25
2014-03-30,24.125,46.75,13.89999962,1009.875
2014-03-31,24.125,44.125,13.19999981,1008.25
2014-04-01,24.875,45.75,9.712499619,1006.125
2014-04-02,26.75,43.375,7.175000191,1005.75
2014-04-03,25,48,10.42500019,1010.375
2014-04-04,25.8571434,47.8571434,11.91428566,1009.857117
2014-04-05,27.375,44,9.262499809,1008.875
2014-04-06,30.125,45.25,6.712500095,1007.5
2014-04-07,27.25,47.625,12.96249962,1009.625
2014-04-08,25.75,41.875,12.72500038,1010.375
2014-04-09,25.75,35.25,12.73750019,1010.25
2014-04-10,26.375,29.25,12.5,1010.875
2014-04-11,28.1428566,29,10.05714321,1008.571411
2014-04-12,29.125,39.875,5.099999905,1007.125
2014-04-13,26.875,40.375,15.51249981,1009.625
2014-04-14,27.625,46.625,5.349999905,1010.625
2014-04-15,29,48.125,2.549999952,1009.125
2014-04-16,27.125,53.625,4.400000095,1008.25
2014-04-17,26.375,49.625,9.25,1007
2014-04-18,24.25,64.375,14.33749962,1011.625
2014-04-19,25.625,57.875,5.099999905,1011.375
2014-04-20,27,48,4.637499809,1010.5
2014-04-21,28,33.125,8.8125,1010
2014-04-22,29.375,29.375,12.5,1011.75
2014-04-23,29.125,37,6.025000095,1009
2014-04-24,29.375,35.875,7.875,1005.875
2014-04-25,30.625,34.375,8.112500191,1006.125
2014-04-26,31.5,32,8.112500191,1006.375
2014-04-27,30.625,30,8.350000381,1007.125
2014-04-28,31.5,27.875,10.1875,1005.625
2014-04-29,32.125,28.875,8.324999809,1003.875
2014-04-30,33.25,25.5,5.337500095,1003.75
2014-05-01,34.875,22.5,9.737500191,1001.5
2014-05-02,34.375,24.75,6.487500191,1001.875
2014-05-03,31.75,33.375,6.474999905,1003.625
2014-05-04,31.875,34.375,5.800000191,1003
2014-05-05,29.75,53.25,9.037500381,1005.75
2014-05-06,29.5714283,51.1428566,6.885714054,1006.857117
2014-05-07,31.75,48.625,1.850000024,1004.25
2014-05-08,31.375,43,10.66250038,1002.625
2014-05-09,30.5,39.625,6.487500191,1000.428589
2014-05-10,30,37.625,7.887499809,1000.75
2014-05-11,29.625,40.375,7.650000095,1004
2014-05-12,28,53.375,10.88749981,1004.875
2014-05-13,25.25,65.75,9.962499619,1008.375
2014-05-14,26.875,55.25,8.574999809,1006.5
2014-05-15,29.5,39.875,11.125,1004.25
2014-05-16,31.125,40.25,9.487500191,1003.5
2014-05-17,29.875,47.625,7.175000191,1007
2014-05-18,31.5,35.375,13.89999962,1007.375
2014-05-19,32.375,29.5,11.57499981,1006.625
2014-05-20,31.125,34,7.637499809,1006.625
2014-05-21,33,32.5,9.712499619,1002.125
2014-05-22,33.25,33.375,11.11250019,999.5
2014-05-23,34.625,32.75,19.45000076,1000
2014-05-24,31.5,50.5,6.724999905,1004.125
2014-05-25,31.5,43.25,16.4375,1005.5
2014-05-26,30.125,54.125,4.175000191,1007.125
2014-05-27,31.875,49.75,2.549999952,1004.75
2014-05-28,33.625,44.5,3.950000048,1001.25
2014-05-29,35.25,40.125,4.400000095,999.375
2014-05-30,33.125,44.5,11.58749962,999.5714111
2014-05-31,34.625,39,6.487500191,999.625
2014-06-01,32.75,34.25,16.20000076,1003.25
2014-06-02,32.75,41.375,4.637499809,1003.25
2014-06-03,34.875,33.625,6.487500191,1000
2014-06-04,35.25,33.125,7.1875,998.125
2014-06-05,36.875,26.875,8.5625,996.125
2014-06-06,37.5,27.625,10.19999981,994.875
2014-06-07,38.5,22.75,13.1875,994
2014-06-08,37.625,26.25,6.724999905,993.125
2014-06-09,37.875,32.125,6.025000095,993.125
2014-06-10,37.25,20.875,12.03750038,994.75
2014-06-11,37.625,23.125,14.8125,995.625
2014-06-12,32.875,39.25,24.32500076,997
2014-06-13,30.25,55.125,16.66250038,997.625
2014-06-14,30.5,66.875,6.487500191,997.375
2014-06-15,33.875,52,8.100000381,997.125
2014-06-16,36.375,41.375,10.88749981,995.625
2014-06-17,36.875,42.125,15.96249962,994.125
2014-06-18,33.875,58,10.42500019,994.25
2014-06-19,35.75,47.875,10.88749981,993.25
2014-06-20,38,36.125,17.82500076,991.375
2014-06-21,36.875,40.125,9.737500191,993.875
2014-06-22,34.5,46.75,4.400000095,996.375
2014-06-23,32.125,49.75,6.712500095,996.25
2014-06-24,33,46.25,10.1875,995.5
2014-06-25,32.25,53.25,13.19999981,997.625
2014-06-26,32.5,60.375,3.237499952,1001
2014-06-27,34.75,48.5,9.487500191,1001.625
2014-06-28,34.875,49,5.787499905,999.375
2014-06-29,33,57.75,9.712499619,997.75
2014-06-30,32,67.75,3.25,997.5
2014-07-01,31.375,65.125,6.25,1000.875
2014-07-02,29.5,71.375,5.787499905,1001.125
2014-07-03,28.875,75.125,5.087500095,998.2857056
2014-07-04,31.38888931,69,4.333333492,998.777771
2014-07-05,34.70588303,52.05882263,9.202940941,1000.705872
2014-07-06,30.625,61.125,3.712500095,1000.5
2014-07-07,34,48.75,5.5625,998.25
2014-07-08,35,39.5,9.725000381,996.875
2014-07-09,36,37.125,13.64999962,996.5
2014-07-10,36.125,38.75,11.33749962,996.875
2014-07-11,36.625,38.625,8.787500381,996.125
2014-07-12,35.875,51.375,5.337500095,996
2014-07-13,31.625,69.75,6.025000095,998
2014-07-14,32.375,67.875,6.724999905,997.125
2014-07-15,33.125,62.625,8.824999809,996
2014-07-16,32.625,63,10.44999981,997.25
2014-07-17,30.75,74.25,6.724999905,996.125
2014-07-18,27.25,83.875,2.549999952,994.875
2014-07-19,29.875,71,6.25,995.125
2014-07-20,30.875,68.875,6.262499809,996.75
2014-07-21,32.125,65.5,4.650000095,996
2014-07-22,31.625,69.75,7.175000191,997
2014-07-23,30.625,72.875,8.112500191,997.75
2014-07-24,30.5,63.625,12.03750038,998.7142944
2014-07-25,30.75,63.25,9.962499619,1000.75
2014-07-26,32.5,61.5,7.175000191,1001.875
2014-07-27,31.7142849,65.42857361,6.25,1001.875
2014-07-28,30,75.75,18.04999924,999.375
2014-07-29,30.25,69.875,5.787499905,999.25
2014-07-30,31.875,65.75,4.175000191,999.5714111
2014-07-31,32.5,65.75,7.425000191,999.625
2014-08-01,33.25,59.5,6.5,998
2014-08-02,30.125,77.75,0.925000012,997.125
2014-08-03,31.5,66.25,5.787499905,995.375
2014-08-04,30.5,69.75,5.099999905,996.125
2014-08-05,29.75,77.5,1.850000024,997.5
2014-08-06,32.125,65,5.5625,996.875
2014-08-07,31.125,65.375,6.949999809,997
2014-08-08,31,67.875,6.012499809,998.375
2014-08-09,29.23529434,80.47058868,6.652941227,1001.647034
2014-08-10,28.5,89.90625,5.224999905,1002.15625
2014-08-11,31.125,72.125,3.012500048,999.875
2014-08-12,32.125,57.5,8.337499619,998.75
2014-08-13,32.125,57.7142868,20.82500076,998.25
2014-08-14,30.375,57.5,18.51250076,997.375
2014-08-15,31.125,54.875,14.58749962,998.875
2014-08-16,30.4285717,59.8571434,8.350000381,1002.5
2014-08-17,31.375,53.875,7.1875,1003.25
2014-08-18,31.875,56.625,5.5625,1005.375
2014-08-19,33,52.42856979,6.885714054,1004.857117
2014-08-20,33.25,47.125,8.787500381,1002.375
2014-08-21,32.5,43,10.88749981,1001.25
2014-08-22,33,47.125,8.5625,1002.857117
2014-08-23,33.125,45.75,9.262499809,1003.25
2014-08-24,33.125,46.25,11.35000038,1002.875
2014-08-25,33.875,46.625,7.875,1002.375
2014-08-26,34.125,40.25,9.962499619,1001.375
2014-08-27,33.8571434,44.7142868,8.112500191,1001.125
2014-08-28,29.625,67.75,6.724999905,1003.75
2014-08-29,30.375,69.25,3.700000048,1003.5
2014-08-30,28.625,78.125,4.162499905,1002.625
2014-08-31,27.625,86.125,4.412499905,1001.25
2014-09-01,29.4285717,65.85713959,15.51249981,1001.125
2014-09-02,29.25,71,10.42500019,1001.875
2014-09-03,28.625,77.875,15.03750038,1001.428589
2014-09-04,27.875,80.75,9.274999619,1000.375
2014-09-05,26.5,85.75,8.337499619,1000.142883
2014-09-06,28.5,76.875,2.087500095,1002.375
2014-09-07,31,67.625,1.399999976,1003.25
2014-09-08,31.25,66.375,3.474999905,1003.125
2014-09-09,31,70.125,1.850000024,1002.375
2014-09-10,28.75,77.5,4.875,1003.25
2014-09-11,26.5714283,85.7142868,17.82500076,1005.571411
2014-09-12,28.5,73,1.625,1005.125
2014-09-13,29.375,68.25,4.162499905,1004
2014-09-14,29.125,65.5,6.712500095,1004.25
2014-09-15,29.625,63.125,6.712500095,1004.25
2014-09-16,30.625,65.125,6.25,1002.25
2014-09-17,30.625,61.875,7.400000095,1002.125
2014-09-18,30.5,62.375,6.712500095,1003.875
2014-09-19,31,56.625,4.175000191,1003.5
2014-09-20,31.125,55.75,4.400000095,1002.875
2014-09-21,30.5,54.875,5.5625,1003.625
2014-09-22,30.625,50,13.4375,1004.5
2014-09-23,31,47,30.68571472,1004.285706
2014-09-24,29.625,53,8.100000381,1006.25
2014-09-25,30,52.5,9.725000381,1007.75
2014-09-26,30,52.5,5.787499905,1008.125
2014-09-27,30.5,46.875,8.800000191,1009.25
2014-09-28,30.25,48.875,7.175000191,1009.625
2014-09-29,30.5,48.75,7.412499905,1009.125
2014-09-30,30.625,50.125,6.712500095,1009.625
2014-10-01,30.4285717,52.8571434,3.17142868,1010.428589
2014-10-02,30.375,53.375,2.787499905,1009.125
2014-10-03,30.5,52.625,1.850000024,1008
2014-10-04,31,53.5,0,1008.5
2014-10-05,30.625,56.125,0,1010.375
2014-10-06,30.625,56.75,0,1010.125
2014-10-07,31,59.375,1.162500024,1008.375
2014-10-08,28.75,52.75,3.712500095,1009.875
2014-10-09,27.625,49.875,3.237499952,1010.125
2014-10-10,27.125,57.375,3.237499952,1008.75
2014-10-11,25.7142849,57.1428566,6.9375,1008.25
2014-10-12,26,58.625,0.462500006,1008.375
2014-10-13,27.625,59.75,8.800000191,1009.875
2014-10-14,24.5,67.625,5.324999809,1010.875
2014-10-15,24.5,68,3.262500048,1013.375
2014-10-16,23,58.875,4.862500191,1014
2014-10-17,25,47.66666794,25.01250076,1013.625
2014-10-18,24,56.1428566,21.29999924,1012.875
2014-10-19,23.75,57.75,4.162499905,1012.625
2014-10-20,24.75,55.625,4.400000095,1013.125
2014-10-21,25.625,56.125,2.087500095,1014.625
2014-10-22,25.75,64.875,0.462500006,1014.5
2014-10-23,25.25,66,0.925000012,1012.75
2014-10-24,25.5,67.5,1.850000024,1011.75
2014-10-25,25.25,67.125,0.925000012,1012.375
2014-10-26,25.125,65.5,2.087500095,1014.875
2014-10-27,24.875,62.875,1.862499952,1013.75
2014-10-28,25.125,64.75,2.5625,1012
2014-10-29,24.75,65.75,1.625,1012.125
2014-10-30,23.875,61.375,1.850000024,1014.5
2014-10-31,23.375,58.25,3.712500095,1013.625
2014-11-01,22.5,50.875,5.324999809,1014.125
2014-11-02,22.875,49.125,7.1875,1014.5
2014-11-03,23.375,52.75,4.162499905,1013.5
2014-11-04,23.625,56.625,3.9375,1012.125
2014-11-05,22.75,56.25,4.625,1012.375
2014-11-06,23,56.25,6.25,1011.625
2014-11-07,24,66.125,2.3125,1012.875
2014-11-08,23.875,66.25,1.625,1014.625
2014-11-09,24.125,56.375,4.162499905,1015.125
2014-11-10,21.375,52.125,3.474999905,1014
2014-11-11,19.25,55.125,2.325000048,1014.75
2014-11-12,19.625,52,2.3125,1015.875
2014-11-13,18.5,50.5,3.237499952,1016.5
2014-11-14,18.375,43,7.412499905,1016.375
2014-11-15,18.625,44.75,2.775000095,1014.875
2014-11-16,18.25,47.625,2.549999952,1015.375
2014-11-17,17.75,51.75,2.775000095,1016.125
2014-11-18,17.625,53,2.087500095,1017.875
2014-11-19,17.5,58.125,1.162500024,1016.5
2014-11-20,20.375,54.625,3.025000095,1013.375
2014-11-21,18.25,62.125,3.237499952,1012.75
2014-11-22,19.875,58.875,1.625,1011.375
2014-11-23,17.125,57.375,1.387500048,1014.625
2014-11-24,16.875,52.25,4.175000191,1016
2014-11-25,16.5,51.5,2.549999952,1014.875
2014-11-26,19.625,51,5.550000191,1009.875
2014-11-27,18.125,63.875,0,1011.75
2014-11-28,19.375,67.375,0,1012.5
2014-11-29,20.25,67.625,0,1012.375
2014-11-30,19.75,54.75,2.549999952,1014
2014-12-01,20,42.625,8.800000191,1013.75
2014-12-02,21.375,47.625,7.875,1012.75
2014-12-03,25,66.57142639,11.37142849,1007
2014-12-04,21.25,68.875,4.862500191,1010.375
2014-12-05,17.75,59.875,2.549999952,1017.125
2014-12-06,18.25,48.875,4.862500191,1016.375
2014-12-07,17.25,48.375,4.862500191,1014.75
2014-12-08,17,49.875,2.775000095,1015
2014-12-09,15.28571415,67.57142639,0,1016.857117
2014-12-10,21.5,65.5,4.862500191,1010.5
2014-12-11,19.625,70.5,3.25,1011.625
2014-12-12,17.5,65.625,0.462500006,1014.375
2014-12-13,16,71.875,8.800000191,1016.125
2014-12-14,16.875,86.625,3.950000048,1014.5
2014-12-15,16.625,75.75,2.325000048,1016.125
2014-12-16,17.75,72.375,7.425000191,1017.375
2014-12-17,12.875,72.125,6.487500191,1020.25
2014-12-18,11.75,79.75,3.012500048,1021.375
2014-12-19,11.75,81.75,0.462500006,1022.125
2014-12-20,11.25,77,5.800000191,1018.75
2014-12-21,9.5,79.125,0.925000012,1018
2014-12-22,9.375,85,1.387500048,1017.125
2014-12-23,9.625,78.625,1.625,1017.875
2014-12-24,9.875,83,3.474999905,1021.25
2014-12-25,9.25,81.125,8.100000381,1020.125
2014-12-26,10.75,77,7.637499809,1017.75
2014-12-27,10.375,69,2.775000095,1018.625
2014-12-28,9,86,0.699999988,1019.75
2014-12-29,11.125,72.625,1.387500048,1017.25
2014-12-30,11.625,70.625,2.549999952,1014.625
2014-12-31,12.375,67.125,2.787499905,1016.875
2015-01-01,14.75,72,0.925000012,1017.5
2015-01-02,14.875,96.625,3.012500048,1017.875
2015-01-03,15.125,92,0.925000012,1017.375
2015-01-04,14.125,78.75,9.512499809,1019.625
2015-01-05,14,69.375,15.05000019,1016
2015-01-06,12,79.875,4.400000095,1015.5
2015-01-07,9.625,86,3.9375,1016.625
2015-01-08,10,87.875,3.487499952,1019.125
2015-01-09,10.625,80.625,1.625,1020.125
2015-01-10,11.125,73.125,4.412499905,1018.875
2015-01-11,11,80.75,4.862500191,1019.125
2015-01-12,10.625,79.5,0.925000012,1019.5
2015-01-13,12.25,77.875,4.875,1017.125
2015-01-14,12,82.25,5.099999905,1017.5
2015-01-15,12.375,79.125,0.925000012,1019.375
2015-01-16,13,78.125,4.637499809,1019.25
2015-01-17,13.5,76.625,1.862499952,1019.25
2015-01-18,13,73.875,2.549999952,1018.75
2015-01-19,13.75,78,1.850000024,1018.875
2015-01-20,13.375,74.375,7.1875,1020
2015-01-21,13.25,73.375,3.700000048,1021
2015-01-22,12.625,94.125,3.237499952,1020.625
2015-01-23,14.625,85,1.162500024,1020
2015-01-24,12.375,86.25,9.737500191,1020.75
2015-01-25,13.25,77.75,4.162499905,1020.375
2015-01-26,13.75,88.125,0.925000012,1019.875
2015-01-27,13.25,74.25,5.337500095,1019.333313
2015-01-28,11.71428585,67,27.77499962,1018.25
2015-01-29,11.5,67.5,3.9375,1019.75
2015-01-30,12.75,56.125,12.03750038,1020.375
2015-01-31,13.75,57.625,9.024999619,1017.875
2015-02-01,15,65.25,5.099999905,1017.75
2015-02-02,17.375,63.875,11.8125,1017.5
2015-02-03,16.75,71.25,7.175000191,1020.5
2015-02-04,14.625,81.125,9.25,1022
2015-02-05,14.625,62.875,7.400000095,1019.25
2015-02-06,15.125,62.625,3.012500048,1019
2015-02-07,15.875,67.625,1.850000024,1017
2015-02-08,16.625,63.875,4.412499905,1017.375
2015-02-09,16.875,63.5,5.550000191,1019.75
2015-02-10,15.75,64,4.625,1019.75
2015-02-11,16,66.625,1.850000024,1017.125
2015-02-12,15.5,69.625,6.025000095,1016.125
2015-02-13,17.25,59,6.724999905,1012.625
2015-02-14,19.375,63.125,4.162499905,1009.625
2015-02-15,18.875,70.125,1.387500048,1012.625
2015-02-16,20.625,71.25,10.42500019,1013.625
2015-02-17,21.1428566,72.57142639,5.028571606,1011.857117
2015-02-18,21.25,72.875,5.099999905,1011.75
2015-02-19,22.75,73.5,7.650000095,1012
2015-02-20,22.75,67.125,7.1875,1013.875
2015-02-21,21.875,63.5,11.33749962,1014.125
2015-02-22,22.1428566,58.8571434,14.8125,1013.375
2015-02-23,21.5,74.375,3.025000095,1014.25
2015-02-24,22.875,72.375,6.037499905,1010.625
2015-02-25,23.125,58.625,6.5,1008.5
2015-02-26,20,34.375,6.712500095,1009.875
2015-02-27,19.25,43.125,5.800000191,1013
2015-02-28,21.25,45.5,6.949999809,1013
2015-03-01,17.375,92.75,14.8125,1011.125
2015-03-02,17.5,89.875,6.724999905,1012.5
2015-03-03,16.25,82.5,5.5625,1013.75
2015-03-04,16.75,69.25,6.712500095,1014
2015-03-05,18.75,64,3.700000048,1015.75
2015-03-06,20,62.375,5.087500095,1016.375
2015-03-07,18.375,80.375,4.175000191,1013.714294
2015-03-08,19.5,74.125,7.887499809,1015.375
2015-03-09,18.125,54.25,12.26249981,1021
2015-03-10,17.75,68.5,8.5625,1019.125
2015-03-11,18.25,69.875,6.025000095,1018.125
2015-03-12,20.5,63.375,5.324999809,1017
2015-03-13,21.375,65.25,4.175000191,1014.75
2015-03-14,21.5,64.625,7.875,1015.125
2015-03-15,17.625,89.125,11.57499981,1015.5
2015-03-16,19.8571434,81.85713959,8.5625,1017.375
2015-03-17,20.875,70.375,13.19999981,1015.875
2015-03-18,20.25,69.625,12.26249981,1013.5
2015-03-19,21.125,66,5.337500095,1014.875
2015-03-20,22.5,65.75,9.024999619,1014.875
2015-03-21,24.875,60.5,5.787499905,1014.875
2015-03-22,25.125,64,10.19999981,1012
2015-03-23,24.75,65.75,7.637499809,1010
2015-03-24,25.75,65.5,1.387500048,1010.25
2015-03-25,26.625,65.625,2.549999952,1011.857117
2015-03-26,28.5,54.375,9.262499809,1013
2015-03-27,27.375,51.375,7.650000095,1012
2015-03-28,27,53.625,3.712500095,1009.625
2015-03-29,25,52.75,13.1875,1008.625
2015-03-30,23.5,66.25,14.8125,1010.375
2015-03-31,25.25,64.875,3.700000048,1010.142883
2015-04-01,26.4285717,59.7142868,6.712500095,1007.5
2015-04-02,28.7142849,45.2857132,10.17500019,1004.625
2015-04-03,24.5,71.125,6.962500095,1004.75
2015-04-04,21,77.5,1.387500048,1005.25
2015-04-05,23.5714283,67.7142868,17.60000038,1007.75
2015-04-06,25,60.125,2.775000095,1007.75
2015-04-07,23.75,62.125,9.737500191,1010.25
2015-04-08,25.625,50.375,6.712500095,1012
2015-04-09,26,52.875,9.037500381,1010.5
2015-04-10,27.125,52.25,6.25,1008.5
2015-04-11,28.25,44.875,8.100000381,1008.375
2015-04-12,24.375,63,5.324999809,1012.375
2015-04-13,24.75,70.875,6.949999809,1013.75
2015-04-14,26.25,62.75,3.012500048,1012.75
2015-04-15,27.625,59.25,5.787499905,1012.875
2015-04-16,25.25,58.25,8.112500191,1013.875
2015-04-17,28.125,48.75,8.337499619,1007.125
2015-04-18,30.125,44.5,5.5625,1002.375
2015-04-19,32.125,41,4.175000191,1003.875
2015-04-20,32.875,37.875,7.1875,1005.75
2015-04-21,31.75,28.5,11.11250019,1005.625
2015-04-22,30.75,30.25,11.35000038,1003.125
2015-04-23,30.75,33,8.100000381,1004
2015-04-24,31.125,39.5,2.549999952,1004.375
2015-04-25,30.5,43.125,12.97500038,1005.875
2015-04-26,28.75,51.125,15.73750019,1008
2015-04-27,30.125,53,17.58749962,1006.75
2015-04-28,31,48.25,12.51249981,1004.5
2015-04-29,31.25,47.25,9.024999619,1005
2015-04-30,32.625,44.75,15.05000019,1004
2015-05-01,31.25,43.5,5.337500095,1005.875
2015-05-02,30.125,40.25,4.400000095,1006.25
2015-05-03,31,39.25,3.012500048,1006.625
2015-05-04,30.875,39.25,3.9375,1006.625
2015-05-05,32.125,31.125,7.650000095,1003.875
2015-05-06,34.125,22,11.36250019,1001.875
2015-05-07,35.42856979,13.4285717,15.34285736,1003.571411
2015-05-08,34.125,22.375,12.27499962,1003.25
2015-05-09,35.125,27,8.337499619,1001.625
2015-05-10,35.125,25,6.962500095,1001.375
2015-05-11,34,32.625,10.88749981,1003.625
2015-05-12,33.125,46,6.037499905,1004.875
2015-05-13,27.75,61,6.712500095,1006.125
2015-05-14,29.625,49.625,4.412499905,1007.25
2015-05-15,28.5,52.125,7.175000191,1006.5
2015-05-16,30,51.625,4.162499905,1003.25
2015-05-17,33.25,40.375,8.350000381,1001.125
2015-05-18,35.375,35.75,5.5625,1000
2015-05-19,31.5,44,14.8125,1002.125
2015-05-20,33.125,31.625,14.60000038,1002
2015-05-21,35.625,24.625,11.33749962,1000.375
2015-05-22,36.25,19.5,12.51249981,998.125
2015-05-23,37.375,21.75,12.72500038,996.125
2015-05-24,36,29.25,5.099999905,997.375
2015-05-25,37.75,22.25,10.875,996.875
2015-05-26,35.25,26.625,17.125,1001.5
2015-05-27,33.75,20.5,6.712500095,1001.25
2015-05-28,34.75,29.5,8.337499619,1000.625
2015-05-29,35.125,27.25,8.125,1001.625
2015-05-30,32.25,38.75,12.26249981,1003.875
2015-05-31,34.25,25,14.58749962,1001.75
2015-06-01,29.375,41.75,12.51249981,1003.25
2015-06-02,31.625,39.25,8.574999809,1003.5
2015-06-03,28.625,50.5,6.724999905,1004.625
2015-06-04,31.875,48.375,4.862500191,1004
2015-06-05,32.625,39.875,6.012499809,1003.5
2015-06-06,33.375,39.75,7.862500191,1001.375
2015-06-07,35,36.25,7.175000191,999.25
2015-06-08,36.5,33,6.25,998.875
2015-06-09,37.625,23.875,18.75,998.875
2015-06-10,36.625,32.2857132,18.04999924,999.625
2015-06-11,35.625,34.75,18.28750038,1000
2015-06-12,35.875,34.625,12.73750019,998.5
2015-06-13,31.125,48.125,10.1875,998.8571167
2015-06-14,27,77.625,3.950000048,1000.285706
2015-06-15,31,60.75,3.012500048,999.5714111
2015-06-16,32.375,52.125,2.787499905,999.1428833
2015-06-17,33.875,49.75,3.25,998
2015-06-18,35.125,45.125,3.012500048,997.625
2015-06-19,35.875,46.75,8.574999809,996.25
2015-06-20,33.125,48.5,12.97500038,997.875
2015-06-21,30.375,63.625,8.112500191,998.125
2015-06-22,32.125,59.5,4.400000095,995.625
2015-06-23,31.5,61.625,6.012499809,995
2015-06-24,37.25,63.875,6.5,995.375
2015-06-25,26.625,82.75,6.262499809,994.75
2015-06-26,31.125,54.25,11.5625,995.25
2015-06-27,32.625,48.25,14.11250019,997.125
2015-06-28,34.25,47.5,9.037500381,1000.285706
2015-06-29,31.125,56.625,11.5625,1003.625
2015-06-30,30.875,58.625,9.962499619,1002.625
2015-07-01,32,53.25,4.175000191,1001.875
2015-07-02,33.75,45.875,6.949999809,1001.125
2015-07-03,33,49,14.35000038,999.625
2015-07-04,34.125,51.5,16.89999962,997.5
2015-07-05,35.7142868,47.2857132,14.01428604,995.4285889
2015-07-06,27.875,83.25,9.274999619,997.875
2015-07-07,28.125,86.125,1.850000024,998.125
2015-07-08,31.25,72,2.775000095,998.625
2015-07-09,29.625,77.25,2.549999952,998.625
2015-07-10,26.625,92.125,6.025000095,998.75
2015-07-11,25.5,98,3.237499952,999.333313
2015-07-12,25.5,94.75,7.425000191,998.625
2015-07-13,29.875,73.125,4.862500191,1000.625
2015-07-14,30.875,67.875,10.875,997.8571167
2015-07-15,33.375,52.875,17.13750076,993.75
2015-07-16,31.75,61.375,13.4375,994.75
2015-07-17,30.75,75.625,4.400000095,997.25
2015-07-18,29.5,78.875,4.175000191,998
2015-07-19,30.125,70,0.699999988,997.625
2015-07-20,29.125,78,4.862500191,999.125
2015-07-21,31.375,69.25,8.125,1000
2015-07-22,32.25,64.125,7.875,1001.125
2015-07-23,32.125,64.875,8.574999809,1001.75
2015-07-24,32,64.75,6.712500095,1001
2015-07-25,30.8571434,71,19.91250038,998.5714111
2015-07-26,30,71.625,16.88750076,998.875
2015-07-27,29.625,69,11.33749962,1000.285706
2015-07-28,29.5,61,11.58749962,1000.125
2015-07-29,28.5,68.125,10.875,998
2015-07-30,29,67.75,9.962499619,998.875
2015-07-31,29,71,4.175000191,999.75
2015-08-01,28.25,71.75,0.925000012,1002.75
2015-08-02,29.625,69.5,2.549999952,1003.625
2015-08-03,31.5,58.625,5.324999809,1001.875
2015-08-04,29.4285717,77.7857132,4.771428585,1000.071411
2015-08-05,29.59375,79.65625,8.221875191,1000.28125
2015-08-06,29.5,79.125,3.025000095,998
2015-08-07,29.25,83,2.3125,1000
2015-08-08,28.875,84.875,1.625,1002
2015-08-09,27.375,90.125,3.012500048,1000.25
2015-08-10,30.375,77,0,1000
2015-08-11,28.375,86.625,0.462500006,1003
2015-08-12,30.75,74.25,0,1003.125
2015-08-13,32,69.5,0.462500006,1001.875
2015-08-14,30.875,72.625,3.474999905,1002
2015-08-15,28.5,85.5,0,1002.75
2015-08-16,28.625,82.625,1.850000024,1002.875
2015-08-17,30.75,72.625,0.699999988,1001.375
2015-08-18,29.125,72.875,4.875,1002.571411
2015-08-19,31.25,61.25,33.32500076,1002.375
2015-08-20,30.75,58.625,14.60000038,1001.375
2015-08-21,29.375,72,8.574999809,1002
2015-08-22,30.25,65.375,5.800000191,1000.875
2015-08-23,29.875,69.375,5.5625,1000.857117
2015-08-24,30.75,65.625,7.1875,1001.75
2015-08-25,32,57.2857132,10.0714283,1001
2015-08-26,32,61,4.862500191,1001.125
2015-08-27,32.5,61,5.324999809,1002
2015-08-28,32,63.5,2.3125,1002.25
2015-08-29,32.25,58,5.8125,1001.375
2015-08-30,32.625,56.5,9.274999619,1001.375
2015-08-31,31.8571434,54.42856979,13.48571396,1001.833313
2015-09-01,32.125,47.625,15.27499962,1000.857117
2015-09-02,31.875,45.625,12.73750019,1001.75
2015-09-03,31.625,49.125,10.1875,1005.5
2015-09-04,32,42.625,11.35000038,1007.875
2015-09-05,30.875,47.25,7.637499809,1007.125
2015-09-06,31.25,41.79999924,7.637499809,1006.25
2015-09-07,31.5,46.375,9.487500191,1005.75
2015-09-08,31.625,47,11.8125,1005.5
2015-09-09,31,47.875,10.1875,1005.625
2015-09-10,31.25,46.5,8.574999809,1006.75
2015-09-11,30.75,49.75,6.012499809,1006.25
2015-09-12,32.1428566,54.42856979,3.17142868,1006
2015-09-13,32.125,55.25,1.387500048,1005.875
2015-09-14,31.875,54.375,2.549999952,1003.625
2015-09-15,33,55,0.462500006,1003.25
2015-09-16,32.375,55,1.399999976,1003.625
2015-09-17,31.375,58.375,1.162500024,1004.375
2015-09-18,31,67.625,7.412499905,1005.125
2015-09-19,30.625,74.25,2.087500095,1003.625
2015-09-20,29.1428566,69.14286041,5.557142735,1002.857117
2015-09-21,30.125,64.5,5.800000191,1002.5
2015-09-22,30.25,64.375,10.1875,1002.5
2015-09-23,28.625,61.25,13.67500019,1006.375
2015-09-24,28.25,52.375,11.57499981,1004.625
2015-09-25,28.5,49.375,8.574999809,1003.75
2015-09-26,29.25,53.5,6.25,1005.25
2015-09-27,28.7142849,58.1428566,2.91428566,1007
2015-09-28,28.25,58.5,3.9375,1009
2015-09-29,29,54.57143021,9.528571129,1010.571411
2015-09-30,29,46.875,8.337499619,1011.375
2015-10-01,28.125,51.25,5.574999809,1012
2015-10-02,28.2857151,53.7142868,14.58749962,1010.75
2015-10-03,30,52.33333206,18.7857151,1008.714294
2015-10-04,29,54.375,3.025000095,1008.125
2015-10-05,28.875,59.375,1.387500048,1009.25
2015-10-06,28.375,61.125,4.637499809,1009
2015-10-07,28.625,65.75,6.474999905,1009.125
2015-10-08,28.375,65.125,4.412499905,1007.5
2015-10-09,28.5,59.75,6.025000095,1004.25
2015-10-10,28.5,54.625,6.712500095,1005
2015-10-11,28.5714283,51.57143021,6.885714054,1008.714294
2015-10-12,29.25,54.125,3.25,1010
2015-10-13,29.5,62.875,3.724999905,1011
2015-10-14,28.125,63.625,4.875,1013.25
2015-10-15,27.5,66,0.462500006,1013.5
2015-10-16,27.875,62.625,0.925000012,1013.5
2015-10-17,28,63.75,3.712500095,1012.25
2015-10-18,26.8571434,71.7142868,11.11250019,1013.125
2015-10-19,28.1428566,66.2857132,3.45714283,1011.714294
2015-10-20,27.7142849,64.85713959,2.91428566,1009.857117
2015-10-21,26.5,62.125,2.087500095,1011.875
2015-10-22,24.75,56,4.400000095,1012.25
2015-10-23,24,51.625,4.862500191,1011.875
2015-10-24,24.875,53.25,1.399999976,1011.625
2015-10-25,26.375,47.125,5.574999809,1012.75
2015-10-26,25.625,52.125,5.574999809,1014.875
2015-10-27,24.75,54.25,3.474999905,1013.875
2015-10-28,20.875,57.25,7.875,1015.875
2015-10-29,22.125,63.5,1.850000024,1016.875
2015-10-30,22.375,67.25,1.625,1016.375
2015-10-31,22.375,69.375,1.162500024,1016.125
2015-11-01,22.875,70.5,0.925000012,1016.25
2015-11-02,23.375,71.375,0.462500006,1015.875
2015-11-03,24,67.875,0.474999994,1014.25
2015-11-04,23.75,69,0.925000012,1012.25
2015-11-05,22.125,75.25,5.099999905,1012.375
2015-11-06,22.875,74.375,2.325000048,1012.75
2015-11-07,21.875,74.875,1.162500024,1014.625
2015-11-08,21.875,70.25,1.862499952,1015.875
2015-11-09,21.75,73.625,0.699999988,1015
2015-11-10,22.75,72.625,0.699999988,1013.5
2015-11-11,21.875,59.5,4.637499809,1014.375
2015-11-12,21.875,60.5,5.787499905,1015.375
2015-11-13,22.375,59.375,5.324999809,1014.875
2015-11-14,22.375,59.625,3.474999905,1012
2015-11-15,22.5,62,0,1012
2015-11-16,21.875,50.375,2.787499905,1012.625
2015-11-17,19.875,48.375,5.099999905,1013.5
2015-11-18,18.5,57.625,4.400000095,1016.375
2015-11-19,18.5,64.75,0.925000012,1017.5
2015-11-20,18.5,66,0.462500006,1016.125
2015-11-21,18.75,67.625,1.387500048,1015.5
2015-11-22,18.625,64.875,0.462500006,1015.125
2015-11-23,17,73.5,0,1015.875
2015-11-24,18.5,63,1.625,1016
2015-11-25,19.375,56.375,5.787499905,1014.75
2015-11-26,20,59.5,0.925000012,1012.75
2015-11-27,18.5,66.25,2.549999952,1011.25
2015-11-28,18.75,82.125,1.162500024,1015.375
2015-11-29,18.125,81.25,1.162500024,1018
2015-11-30,19.5,82.375,0.925000012,1016.75
2015-12-01,19.25,78.75,1.625,1014.75
2015-12-02,18.125,72.125,2.087500095,1016.125
2015-12-03,17.625,70.25,7.1875,1016
2015-12-04,17.625,67.5,4.637499809,1015
2015-12-05,17.5,72.375,0.925000012,1015.875
2015-12-06,17.125,75.875,1.399999976,1016.5
2015-12-07,17.625,76.875,2.3125,1017.25
2015-12-08,18.4285717,71.2857132,1.057142854,1015.714294
2015-12-09,18.375,78.125,3.474999905,1015.25
2015-12-10,19,77.25,2.087500095,1011.75
2015-12-11,17.25,77.875,5.099999905,1011.375
2015-12-12,13.25,91,4.400000095,1014.25
2015-12-13,12.875,67,3.474999905,1016.5
2015-12-14,13.25,63.625,7.400000095,1017
2015-12-15,13.125,63.875,5.324999809,1016.5
2015-12-16,13,65.5,1.162500024,1016.375
2015-12-17,12.25,73.625,0.925000012,1016.875
2015-12-18,12.875,71.25,4.400000095,1018.625
2015-12-19,12.375,71.875,3.487499952,1019
2015-12-20,11.75,70.25,1.162500024,1018.5
2015-12-21,12.625,74.75,1.387500048,1018.875
2015-12-22,12,79.875,0.699999988,1020.875
2015-12-23,12.5,81.375,3.487499952,1020.625
2015-12-24,11.25,68.625,6.025000095,1021.25
2015-12-25,11.5,66.125,5.5625,1022
2015-12-26,12.75,64.5,6.487500191,1021.125
2015-12-27,15.375,63.25,7.887499809,1020.625
2015-12-28,17.125,58.125,10.88749981,1020.875
2015-12-29,16.375,65,7.412499905,1018.125
2015-12-30,15.5,71.75,2.099999905,1017.5
2015-12-31,15,71.375,2.087500095,1020.5
2016-01-01,14.71428585,72.2857132,1.057142854,1021.142883
2016-01-02,14,75.875,2.087500095,1021
2016-01-03,14.375,74.75,5.112500191,1018.5
2016-01-04,15.75,77.125,0,1017.625
2016-01-05,15.83333302,88.83333588,0.616666675,1017
2016-01-06,17.375,81.625,2.3125,1016.5
2016-01-07,17.125,87,0,1018.125
2016-01-08,15.5,83.25,7.887499809,1017.25
2016-01-09,15.85714245,65.14286041,8.471428871,1015.428589
2016-01-10,15.625,74.375,2.775000095,1017.5
2016-01-11,15.75,74.875,1.625,1017.5
2016-01-12,18,69.6875,6.03125,1014.9375
2016-01-13,18.26666641,75.80000305,5.079999924,1014.333313
2016-01-14,15.5625,80.4375,4.300000191,1016.125
2016-01-15,13,84.1875,10.77499962,1017
2016-01-16,13.60000038,80.06666565,11.23999977,1014.599976
2016-01-17,14,77.66666412,2.106666565,1016.200012
2016-01-18,13.26666641,80.46666718,1.480000019,1014.733337
2016-01-19,12.35714245,88.57142639,4.650000095,1015.285706
2016-01-20,12.0666666,84.19999695,6.193333149,1018.666687
2016-01-21,12.1875,73.1875,7.887499809,1020.1875
2016-01-22,11.73333359,83.40000153,3.586666584,1019.466675
2016-01-23,14.4375,75.875,3.25,1019.8125
2016-01-24,11.1875,86.25,6.625,1019.0625
2016-01-25,11.66666698,75.40000153,4.579999924,1017.200012
2016-01-26,14.5625,79.6875,2.549999952,1015.375
2016-01-27,17.58333397,69.16666412,4.025000095,1014.166687
2016-01-28,16.8571434,69.35713959,5.028571606,1015.071411
2016-01-29,19.5625,70.625,2.543750048,1017.375
2016-01-30,20.1428566,78.5,1.200000048,1014.5
2016-01-31,17.375,78.25,7.762499809,1016
2016-02-01,15.84615421,65.7692337,7.269230843,1017.15387
2016-02-02,15.26666641,55.86666489,8.893333435,1018.200012
2016-02-03,13.125,66.5,7.622222424,1018
2016-02-04,16.36363602,53,6.941666603,1017.333313
2016-02-05,12.66666698,70.66666412,2.166666746,1016.833313
2016-02-06,15.33333302,69.5,3.700000048,1013.333313
2016-02-07,15.625,77,2.787499905,1015.75
2016-02-08,17.09090996,67.1818161,5.900000095,1017.090881
2016-02-09,17.76922989,67.46154022,5.846153736,1014.692322
2016-02-10,18.13333321,64.8666687,2.099999905,1012.733337
2016-02-11,19.6875,54.75,6.03125,1011.25
2016-02-12,19.20000076,57.86666489,0.74666667,1012.533325
2016-02-13,17.06666756,62.13333511,5.806666851,1014.866638
2016-02-14,17.6428566,61.92856979,8.071428299,1017.214294
2016-02-15,17.60000038,59.53333282,5.940000057,1018.733337
2016-02-16,18.2142849,56.1428566,5.435714245,1020.071411
2016-02-17,18.7142849,59.2857132,3.70714283,1019.142883
2016-02-18,19.46666718,76,5.186666489,1017.400024
2016-02-19,23.15384674,70.2307663,4.146153927,1014.615356
2016-02-20,23.625,73.125,11.11874962,1014.125
2016-02-21,21,61.125,17.13750076,1014.75
2016-02-22,21,51.42856979,15.20714283,1014.428589
2016-02-23,21.4285717,50.6428566,9.785714149,1012.5
2016-02-24,21.6875,58.0625,2.443749905,1012.9375
2016-02-25,22.5625,57.5,5.337500095,1015.5
2016-02-26,22.79999924,55.59999847,2.480000019,1018.400024
2016-02-27,22.79999924,59,3.333333254,1018.466675
2016-02-28,23,63.0625,3.712500095,1018.9375
2016-02-29,23.875,63.9375,3.712500095,1018.625
2016-03-01,24.91666603,57.41666794,1.700000048,1015
2016-03-02,24.93333244,57.06666565,1.733333349,1015.400024
2016-03-03,26,55.61538315,4.292307854,1014.615356
2016-03-04,27.3125,44.25,6.143750191,1012.6875
2016-03-05,23.93333244,57.13333511,11,1012.666687
2016-03-06,22.8125,66.5625,5.21875,1013.0625
2016-03-07,23.7142849,64.14286041,5.17142868,1012.357117
2016-03-08,23.4285717,60.2142868,6.742856979,1011.642883
2016-03-09,24,57.5625,9.375,1012.0625
2016-03-10,25.5625,57.4375,7.981249809,1013.1875
2016-03-11,25.06666756,67.80000305,6.546666622,1012.533325
2016-03-12,24.5625,66.9375,9.487500191,1009.5625
2016-03-13,24.25,65.1875,6.84375,1011.1875
2016-03-14,22.375,66,6.275000095,1014.3125
2016-03-15,24.06666756,58.93333435,8.646666527,1014.866638
2016-03-16,23.9375,53.75,10.88125038,1012.8125
2016-03-17,26.3125,50.3125,6.84375,1010.4375
2016-03-18,26.1875,61.25,6.712500095,1009.8125
2016-03-19,26.7857151,61.8571434,3.57857132,1009.214294
2016-03-20,27.13333321,58.73333359,2.846666574,1010.333313
2016-03-21,26.625,43.375,12.26249981,1011.125
2016-03-22,25.0625,37.875,22.10000038,1009.375
2016-03-23,26.20000076,43.26666641,10.64166641,1010
2016-03-24,28.13333321,46.86666489,3.213333368,1013.333313
2016-03-25,29.875,50.1875,3.368750095,1013.1875
2016-03-26,24.66666603,62.66666794,9.393333435,1013.599976
2016-03-27,26.25,53.6875,9.15625,1012.8125
2016-03-28,25.93333244,52.79999924,6.546666622,7679.333496
2016-03-29,27.125,47.75,7.293749809,1011.3125
2016-03-30,29.5714283,39.7857132,7.021428585,1011.142883
2016-03-31,30,39.73333359,4.333333492,1009.200012
2016-04-01,30.5714283,38.2142868,12.03571415,1006.714294
2016-04-02,32.3125,38.5625,5.462500095,1008
2016-04-03,33.3125,44.25,2.549999952,1008.375
2016-04-04,32.8125,33.125,8,1006.6875
2016-04-05,32.3125,29.3125,9.268750191,1007
2016-04-06,31.375,33.125,3.474999905,1006.875
2016-04-07,29.93333244,37,10.85000038,1007.266663
2016-04-08,29.26666641,36,4.686666489,1009.200012
2016-04-09,30.73333359,32.46666718,12.61874962,1009.3125
2016-04-10,32.25,29,5.224999905,1008.8125
2016-04-11,29.79999924,35,16.04000092,1009.400024
2016-04-12,30.20000076,36.20000076,19.37999916,1006.333313
2016-04-13,31.75,28.0625,18.64374924,1003.3125
2016-04-14,33.125,23.875,10.42500019,1003.8125
2016-04-15,33.625,25.375,9.837499619,1004.625
2016-04-16,35.6875,23.6875,11.11250019,1003.0625
2016-04-17,34.66666794,23.86666679,9.386666298,1002.666687
2016-04-18,34.625,30.125,7.175000191,1004.6875
2016-04-19,34,33.59999847,4.566666603,1005.866638
2016-04-20,34.0625,25.9375,14.01875019,1006.4375
2016-04-21,34,24.66666603,15.75,1003.400024
2016-04-22,33.25,24.25,8.350000381,1001.727295
2016-04-23,31.91666603,21.81818199,19.65384674,1001.84613
2016-04-24,31.3125,22.125,10.1875,1003.0625
2016-04-25,31.75,22.8125,6.949999809,1005.5625
2016-04-26,33.4375,25.1875,3.831249952,1007.1875
2016-04-27,33.125,29.0625,4.981249809,1005.6875
2016-04-28,34.15384674,21.76922989,11.8230772,1004.692322
2016-04-29,34.07143021,23.2857151,9.123077393,1005.714294
2016-04-30,33.0625,25.5625,5.212500095,1004.8125
2016-05-01,34.6875,23.375,8.574999809,1002.4375
2016-05-02,38,18.46666718,9.513333321,1002.200012
2016-05-03,35.5,30.375,6.493750095,1004.3125
2016-05-04,33.7142868,31.8571434,10.46428585,1003.785706
2016-05-05,30.60000038,42,11.24666691,1007.466675
2016-05-06,31.4375,37.4375,8.225000381,1007
2016-05-07,33.3125,37.1875,4.650000095,1005.5625
2016-05-08,35.13333511,36.33333206,7.29333353,1005.93335
2016-05-09,33.53333282,40.59999847,18.42499924,1006.0625
2016-05-10,34,39.75,10.55624962,1006.5625
2016-05-11,32.5,49.9375,7.775000095,1006.0625
2016-05-12,35.375,40,5.099999905,1002.25
2016-05-13,37.29411697,28.11764717,8.070588112,1001.352966
2016-05-14,36.5625,31.875,4.168749809,1003.125
2016-05-15,37.25,29.5,4.75,1003.5625
2016-05-16,37.2142868,23.5,9.020000458,1000.799988
2016-05-17,37.5,25.8125,9.612500191,998.9375
2016-05-18,37.75,27.625,8.449999809,997.8125
2016-05-19,37.375,40.5,9.387499809,998.625
2016-05-20,37.40000153,44.20000076,8.413332939,996.9333496
2016-05-21,36.13333511,45.40000153,10.87333298,995.9333496
2016-05-22,36.79999924,44.79999924,6.553333282,996.4666748
2016-05-23,32.2142868,47.92856979,14.94999981,999.5714111
2016-05-24,31.52631569,53.5263176,8.494736671,1000.736816
2016-05-25,33.21739197,46.60869598,10.1608696,997.4782715
2016-05-26,35.26922989,44.57692337,15.1769228,999.1538696
2016-05-27,38.27272797,26.09090996,15.31818199,999.9545288
2016-05-28,36.0625,37.25,14.40555573,999.833313
2016-05-29,31.5,57.0625,11.68124962,1001.25
2016-05-30,26.8125,74.8125,9.487500191,1003.8125
2016-05-31,32.6428566,51.2142868,7.407142639,1002.307678
2016-06-01,36,42.20000076,9.133333206,1002.733337
2016-06-02,37.5625,35.3125,11.93124962,1002
2016-06-03,37.5625,40.6875,2.78125,1002.25
2016-06-04,38.20000076,42.06666565,3.206666708,1001.866638
2016-06-05,36.16666794,51.75,8.5,1002.833313
2016-06-06,35.42856979,45.7142868,11,1001.571411
2016-06-07,34.625,59.1875,21.30624962,1002.0625
2016-06-08,36.07143021,44.6428566,8.485713959,999.2142944
2016-06-09,35.73333359,43.73333359,9.260000229,938.0666504
2016-06-10,36.13333511,41.86666489,10.08125019,998.25
2016-06-11,33.4375,49.9375,8.8125,999
2016-06-12,35.5,37.125,9.162500381,998.8125
2016-06-13,36,43.3125,12.85000038,998.1875
2016-06-14,32.625,55.125,11.85999966,997.8125
2016-06-15,34.73333359,48.86666489,10.51333332,996.1333618
2016-06-16,33.5,51.2857132,11.39285755,999
2016-06-17,34.1875,52.25,7.425000191,999.4285889
2016-06-18,35.8571434,50.57143021,10.85714245,1000.857117
2016-06-19,35.625,53.25,9.387499809,1001.375
2016-06-20,30.9375,73.9375,7.643750191,1000.6875
2016-06-21,32.875,62.1875,8.918749809,999.9375
2016-06-22,33.125,60.8125,7.418749809,1001.5625
2016-06-23,33.84615326,51.61538315,5.875,999.6923218
2016-06-24,36.4375,46.5625,7.762499809,998.3125
2016-06-25,35.42856979,55.92856979,9.66428566,1000.071411
2016-06-26,34.86666489,57.46666718,7.659999847,1000.375
2016-06-27,34.3125,61.25,7.993750095,998.8666382
2016-06-28,30.7857151,75.07142639,5.435714245,1001.5
2016-06-29,35.375,58.875,8.449999809,1001.1875
2016-06-30,35.46666718,60.20000076,6.79333353,997.8666382
2016-07-01,32.125,73.40000153,8.350000381,1002.5625
2016-07-02,28.39999962,80,5.231249809,998.375
2016-07-03,29.5625,78.125,1.96875,998.25
2016-07-04,30.6875,76.3125,3.481250048,997.125
2016-07-05,33.25,68.6875,5.337500095,995.5625
2016-07-06,33.26666641,64.06666565,8.87857151,996.8666382
2016-07-07,33.5,63,5.918749809,997.6875
2016-07-08,30.79999924,75.8666687,5.433333397,997.4000244
2016-07-09,33.25,66.0625,6.731249809,996.75
2016-07-10,32.5625,65.6875,4.699999809,996.0625
2016-07-11,31.5,71.9375,8.046667099,997.75
2016-07-12,30.5,80.1875,5.5625,999.0625
2016-07-13,31.25,76.3125,6.806666851,998.4375
2016-07-14,30.4375,80.4375,5.21875,998.375
2016-07-15,31,78.0625,7.271428585,998.625
2016-07-16,27.125,93.875,4.37142849,999.875
2016-07-17,28.125,86.5625,6.599999905,1001.333313
2016-07-18,27.66666603,91.26667023,7.653333187,1000.799988
2016-07-19,32.3125,69.125,13.65625,999.875
2016-07-20,34.1875,59.5625,12.96249962,999.625
2016-07-21,34.13333511,56.86666489,11.47999954,999.2666626
2016-07-22,34.125,56.125,8.6875,999.333313
2016-07-23,31.875,66,7.768750191,1001.625
2016-07-24,31.4375,72.25,2.431250095,946.3125
2016-07-25,31.9375,69.125,2.912499905,1001.875
2016-07-26,30.3125,82,6.485714436,1003.125
2016-07-27,28.3125,88.25,4.293749809,1004.625
2016-07-28,29.53333282,81.33333588,5.186666489,1002.06665
2016-07-29,27.375,92.4375,2.431250095,1000.9375
2016-07-30,27.33333397,92.26667023,1.860000014,1001.200012
2016-07-31,29.26666641,83.1333313,4.699999809,1000.666687
2016-08-01,29.125,84.25,5.912499905,999.125
2016-08-02,30.6875,72.125,6.375,310.4375
2016-08-03,32.5625,63.5625,5.449999809,998.5
2016-08-04,33.11111069,63.88888931,7.927777767,998.777771
2016-08-05,33.79999924,61.66666794,4.320000172,999.333313
2016-08-06,30.06666756,76,6.926666737,1000.799988
2016-08-07,33.11764526,65.1764679,7.852941036,1000.529419
2016-08-08,33.80952454,62.38095093,9.440909386,999.6363525
2016-08-09,31.61538506,71.65384674,9.550000191,998.5
2016-08-10,32,71.25926208,10.15925884,999.3703613
2016-08-11,28.1071434,89.4642868,7.821428776,1001.607117
2016-08-12,29.0357151,85,3.848148108,1002.285706
2016-08-13,30.3214283,77.07142639,3.229629517,1001.071411
2016-08-14,28.93333244,83.69999695,6.369999886,633.9000244
2016-08-15,31.6785717,67.64286041,12.72500038,999.2857056
2016-08-16,31.33333397,66.41666412,14.66666698,-3.041666746
2016-08-17,29.9285717,72.5,6.324999809,999.5184937
2016-08-18,29.88888931,79.81481171,1.722222209,999.9230957
2016-08-19,32.07143021,68.2857132,1.91785717,999.8928833
2016-08-20,33.18518448,66.48148346,10.36666679,1000.159973
2016-08-21,31.59259224,68.07407379,10.02222252,1001.192322
2016-08-22,32.18518448,65.55555725,8.237036705,1002.888916
2016-08-23,31.47999954,70.08000183,6.084000111,1003.23999
2016-08-24,30.1785717,79.2857132,8.419230461,1002.5
2016-08-25,31.52000046,72.44000244,6.27692318,1004.423096
2016-08-26,31.22222137,73.81481171,4.39259243,1005.222229
2016-08-27,31.7857151,70.2857132,7.150000095,1006.142883
2016-08-28,33.40000153,66.23999786,7.271999836,1006.200012
2016-08-29,29.5714283,82.32142639,5.824999809,1003.607117
2016-08-30,30.04000092,76.80000305,8.903845787,1002.192322
2016-08-31,27.25926018,89.55555725,6.729629517,1003.037048
2016-09-01,27.95999908,87.23999786,4.147999763,1002.440002
2016-09-02,30.73913002,71.73912811,13.20434761,1001.272705
2016-09-03,30.89473724,62.68421173,13.26315784,1001.157898
2016-09-04,31.69230843,59.30769348,11.12307739,1002.923096
2016-09-05,31.07692337,60.30769348,13.96153831,1003.230774
2016-09-06,30.375,55,13.4375,1003.75
2016-09-07,31.10000038,57.70000076,9.100000381,1003.454529
2016-09-08,31.91666603,58,10.8083334,1005.166687
2016-09-09,30.55555534,56.66666794,11.52222252,1004.333313
2016-09-10,31.23077011,58.23077011,11.96923065,1005.230774
2016-09-11,31,56.40000153,8.149999619,1003.799988
2016-09-12,31.6428566,55.5,10.85000038,1005.071411
2016-09-13,32.53333282,57.06666565,8.526666641,1006.400024
2016-09-14,30.8571434,70.35713959,4.235714436,1006.928589
2016-09-15,31.72727203,59.63636398,11.89999962,1004.75
2016-09-16,31.39999962,58,3.519999981,1004.400024
2016-09-17,32.30769348,58,2.707692385,1003.15387
2016-09-18,32.25,58.83333206,17.90833282,1005
2016-09-19,32.375,59.45833206,2.087500095,1004.708313
2016-09-20,33.44444275,54.07407379,2.569230795,1003.518494
2016-09-21,33.36000061,58.95999908,6.092000008,1005.400024
2016-09-22,30.0370369,67.62963104,8.10740757,1008.777771
2016-09-23,31,66.10713959,3.571428537,1005.321411
2016-09-24,31.23999977,66.48000336,5.496153831,1352.615356
2016-09-25,31.13043404,62.30434799,3.147826195,1004.782593
2016-09-26,31.47999954,60.88000107,2.986956596,1006.76001
2016-09-27,32.18518448,57.81481552,1.780769229,1006.703674
2016-09-28,32.43999863,55.27999878,2.519999981,1005.280029
2016-09-29,32.22727203,61.31818008,3.963636398,1005.590881
2016-09-30,32.2142868,59.3571434,2.58214283,1005.571411
2016-10-01,32.54166794,61.91666794,3.170833349,1007.5
2016-10-02,32.81481552,61.81481552,4.122222424,1009.111084
2016-10-03,33.26922989,59.57692337,3.992592573,1007.185181
2016-10-04,30.55555534,69.81481171,5.770370483,1005.370361
2016-10-05,28.83333397,71.875,3.325000048,1005.25
2016-10-06,30.70370293,64.81481171,3.233333349,1007.148132
2016-10-07,30.95999908,59.95999908,15.82499981,1007.200012
2016-10-08,30.60000038,57.95999908,8.761538506,1006.84613
2016-10-09,30.92000008,59.20000076,3.184000015,1005.960022
2016-10-10,29.77777863,51.11111069,4.807407379,1006.148132
2016-10-11,29.66666603,51.14814758,8.922222137,1006.59259
2016-10-12,29.5714283,47.2857132,11.37142849,1006.25
2016-10-13,29.9629631,44,13.02222252,1008.333313
2016-10-14,29.75,47.875,8.934782982,1009.125
2016-10-15,27.74073982,54.14814758,6.662962914,1010.518494
2016-10-16,28.4285717,49.8571434,7.014285564,1011.857117
2016-10-17,28.60000038,49.24000168,7.116000175,1010.559998
2016-10-18,28.5,48.45833206,7.668181896,1009.458313
2016-10-19,28.92592621,49.18518448,6.459259033,1008.555542
2016-10-20,29.07692337,47.73077011,9.123999596,1007.538452
2016-10-21,28.40909004,50.40909195,10.6954546,1008.727295
2016-10-22,29.33333397,49.48147964,13.3230772,1009.370361
2016-10-23,27.5,54.96154022,11.54615402,1009.307678
2016-10-24,28.5,51.42307663,11.1884613,1008.269226
2016-10-25,28.04000092,54.56000137,12.38846111,1008.923096
2016-10-26,27.57692337,56.19230652,5.699999809,1011.730774
2016-10-27,26.55555534,59.37036896,6.044444561,1014.629639
2016-10-28,25.51851845,58.77777863,7.277777672,1012.40741
2016-10-29,25.81481552,62.77777863,1.714814782,1013
2016-10-30,24.82608604,71.04347992,2.013043404,1014.608704
2016-10-31,24.53846169,66.80769348,1.642307639,1017.807678
2016-11-01,24.38461494,58.73077011,2.715384722,1016.384644
2016-11-02,23.72727203,65.90908813,1.431818128,1016.590881
2016-11-03,25.63999939,59.75999832,2.232000113,1016.23999
2016-11-04,24.81481552,58.29629517,4.122222424,1012.629639
2016-11-05,23.11538506,66.57691956,5.784615517,1010.34613
2016-11-06,22.92592621,63.85185242,2.411111116,1011.518494
2016-11-07,24.54545403,51.31818008,8.172727585,1012.772705
2016-11-08,23.73077011,52.26922989,12.75,1013.640015
2016-11-09,23,49.70370483,7.074074268,1014.666687
2016-11-10,23.51851845,50.14814758,3.225925922,1013.814819
2016-11-11,23.92000008,54.04000092,2.967999935,1014.080017
2016-11-12,23.53846169,58.03845978,2.784615278,1015.15387
2016-11-13,24.29629707,55.81481552,4.400000095,1016.518494
2016-11-14,23.34615326,60.73077011,1.496153831,1015.730774
2016-11-15,22.23999977,55.72000122,4.087999821,1016.23999
2016-11-16,21.76922989,53.23077011,7.13846159,1017.538452
2016-11-17,21.73077011,51.73077011,11.55000019,1350.296265
2016-11-18,21.73077011,53.61538315,7.78000021,1014.692322
2016-11-19,20.66666603,60.66666794,2.839999914,1012.466675
2016-11-20,22.25,59.90000153,2.505000114,1013.349976
2016-11-21,21.53846169,60.46154022,2.715384722,1013
2016-11-22,22.57894707,50.15789413,8,1012.894714
2016-11-23,22.82608604,51.43478394,6.604347706,1013.173889
2016-11-24,21.42105293,51.4736824,8.289473534,1014.947388
2016-11-25,23.60000038,30.54999924,15.08500004,1012.950012
2016-11-26,24.29411697,32.64706039,14.49411774,1013.25
2016-11-27,23.63636398,33.63636398,12.45909119,1013.590881
2016-11-28,22.45454597,37.31818008,9.185714722,12.04545498
2016-11-29,21.61111069,53.72222137,1.23888886,1015
2016-11-30,19.86956596,80.08695984,4.269565105,1016.608704
2016-12-01,19.75,84,2.704166651,1016.875
2016-12-02,19.20833397,75.875,4.945833206,1017.75
2016-12-03,21.20833397,52.16666794,5.866666794,1019.333313
2016-12-04,18.89999962,55.25,5.666666508,1019.700012
2016-12-05,18.63636398,56.59090805,4.952381134,1017.045471
2016-12-06,18.53846169,69.92308044,2.503846169,1017.961548
2016-12-07,18.25,74.34999847,0.925000012,1017.421082
2016-12-08,16.89999962,73.30000305,1.764999986,1016.200012
2016-12-09,19.41666603,68.125,1.3125,1013.416687
2016-12-10,16.44444466,82.83333588,5.355555534,1014
2016-12-11,20.04166603,69.58333588,4.716666698,1013.291687
2016-12-12,19.90909004,63.86363602,3.281818151,1014.181824
2016-12-13,19.04999924,62.34999847,3.430000067,1015.099976
2016-12-14,18.55555534,58.61111069,8.027777672,1017.333313
2016-12-15,18.16666603,56.625,9.879166603,1016.666687
2016-12-16,15.83333302,63.27777863,3.916666746,1018.777771
2016-12-17,17.5,63.38888931,6.731578827,1016.947388
2016-12-18,16.08333397,64.54166412,6.420833111,1018.083313
2016-12-19,17.8571434,56.09523773,10.41428566,1017.428589
2016-12-20,19.79999924,48.53333282,15.92666626,1015.200012
2016-12-21,18.04999924,54.29999924,19.40476227,1015.619019
2016-12-22,17.2857151,57.8571434,6.180952549,1016.142883
2016-12-23,15.55000019,74.69999695,1.205000043,1014.25
2016-12-24,17.31818199,78.63636017,5.236363411,1011.318176
2016-12-25,14,94.30000305,9.085000038,1014.349976
2016-12-26,17.1428566,74.85713959,8.784210205,1016.952393
2016-12-27,16.85000038,67.55000305,8.335000038,1017.200012
2016-12-28,17.21739197,68.04347992,3.547826052,1015.565247
2016-12-29,15.23809528,87.85713959,6,1016.904785
2016-12-30,14.09523773,89.66666412,6.266666889,1017.904785
2016-12-31,15.05263138,87,7.324999809,1016.099976
2017-01-01,10,100,0,1016
